[{"id":"80ee5f19.f63a9","type":"tab","label":"Flow 4","disabled":false,"info":""},{"id":"ef5cbd97.914e8","type":"ui_text","z":"80ee5f19.f63a9","group":"1a38c6ec.123ae9","order":2,"width":0,"height":0,"name":"","label":"Rings","format":"{{msg.payload}}","layout":"row-spread","x":810,"y":280,"wires":[]},{"id":"14cfd45f.92cc4c","type":"ui_form","z":"80ee5f19.f63a9","name":"","label":"","group":"1a38c6ec.123ae9","order":1,"width":0,"height":0,"options":[{"label":"Sex1","value":"Sex1","type":"number","required":true},{"label":"Sex2","value":"Sex2","type":"number","required":true},{"label":"Length","value":"Length","type":"number","required":true},{"label":"Diameter","value":"Diameter","type":"number","required":true},{"label":"Height","value":"Height","type":"number","required":true},{"label":"Whole Weight","value":"Weight","type":"number","required":true},{"label":"Shucked weight","value":"Sweight","type":"number","required":true},{"label":"Viscera weight","value":"Vweight","type":"number","required":true},{"label":"Shell weight","value":"Shweight","type":"number","required":true}],"formValue":{"Sex1":"","Sex2":"","Length":"","Diameter":"","Height":"","Weight":"","Sweight":"","Vweight":"","Shweight":""},"payload":"","submit":"","cancel":"","topic":"","x":70,"y":360,"wires":[["d420345f.922078"]]},{"id":"d420345f.922078","type":"function","z":"80ee5f19.f63a9","name":"parameters","func":"global.set(\"Sex1\",msg.payload.Sex1)\nglobal.set(\"Sex2\",msg.payload.Sex2)\nglobal.set(\"Length\",msg.payload.Length)\nglobal.set(\"Diameter\",msg.payload.Diameter)\nglobal.set(\"Height\",msg.payload.Height)\nglobal.set(\"Weight\",msg.payload.Weight)\nglobal.set(\"Sweight\",msg.payload.Sweight)\nglobal.set(\"Vweight\",msg.payload.Vweight)\nglobal.set(\"Shweight\",msg.payload.Shweight)\nreturn msg;","outputs":1,"noerr":0,"x":170,"y":240,"wires":[["e154f843.959b08","2d0b9387.9ae54c"]]},{"id":"e154f843.959b08","type":"http request","z":"80ee5f19.f63a9","name":"","method":"GET","ret":"obj","paytoqs":false,"url":"https://eu-gb.ml.cloud.ibm.com/v3/identity/token","tls":"","proxy":"","authType":"basic","x":310,"y":400,"wires":[["16cf3648.60f27a","32dfa4c2.3c524c"]]},{"id":"16cf3648.60f27a","type":"debug","z":"80ee5f19.f63a9","name":"","active":true,"tosidebar":true,"console":false,"tostatus":false,"complete":"payload","targetType":"msg","x":510,"y":520,"wires":[]},{"id":"9448b8c8.11d158","type":"http request","z":"80ee5f19.f63a9","name":"","method":"POST","ret":"obj","paytoqs":false,"url":"https://eu-gb.ml.cloud.ibm.com/v3/wml_instances/cbb94fd7-aa4d-465e-97e7-b5bc758bc8a1/deployments/d4a56361-d40e-4629-8f67-9fd3aa9f34cd/online","tls":"","proxy":"","authType":"basic","x":390,"y":40,"wires":[["d024cca5.75e1b","824cd98c.bed2f8"]]},{"id":"d024cca5.75e1b","type":"debug","z":"80ee5f19.f63a9","name":"","active":true,"tosidebar":true,"console":false,"tostatus":false,"complete":"payload","targetType":"msg","x":590,"y":20,"wires":[]},{"id":"824cd98c.bed2f8","type":"function","z":"80ee5f19.f63a9","name":"","func":"msg.payload=msg.payload.values[0][0][0]\nreturn msg;","outputs":1,"noerr":0,"x":630,"y":220,"wires":[["ef5cbd97.914e8"]]},{"id":"32dfa4c2.3c524c","type":"function","z":"80ee5f19.f63a9","name":"prediction","func":"var token = msg.payload.token\nvar Sex1=global.get('Sex1')\nvar Sex2=global.get('Sex2')\nvar Length=global.get('Length')\nvar Diameter=global.get('Diameter')\nvar Height=global.get('Height')\nvar Weight=global.get('Weight')\nvar Sweight=global.get('Sweight')\nvar Vweight=global.get('Vweight')\nvar Shweight=global.get('Shweight')\nmsg.payload ={\"fields\":[\"Sex1\",\"Sex2\",\"Length\",\"Diameter\",\"Height\",\"Weight\",\"Sweight\",\"Vweight\",\"Shweight\"],values:[[Sex1,Sex2,Length,Diameter,Height,Weight,Sweight,Vweight,Shweight]]}\nmsg.headers={\"Authorization\":\"Bearer \"+token}\nreturn msg;","outputs":1,"noerr":0,"x":380,"y":240,"wires":[["9448b8c8.11d158","fd01f25e.b9f9"]]},{"id":"fd01f25e.b9f9","type":"debug","z":"80ee5f19.f63a9","name":"","active":true,"tosidebar":true,"console":false,"tostatus":false,"complete":"payload","targetType":"msg","x":510,"y":360,"wires":[]},{"id":"2d0b9387.9ae54c","type":"debug","z":"80ee5f19.f63a9","name":"","active":true,"tosidebar":true,"console":false,"tostatus":false,"complete":"false","x":230,"y":120,"wires":[]},{"id":"1a38c6ec.123ae9","type":"ui_group","z":"","name":"Input Parameters","tab":"578ec1d9.23dd5","disp":true,"width":"6","collapse":false},{"id":"578ec1d9.23dd5","type":"ui_tab","z":"","name":"Home","icon":"dashboard"}]